"직업별","학력별","성별","연령",2000,2000,2000,2000,2000,2001,2001,2001,2001,2001,2002,2002,2002,2002,2002,2003,2003,2003,2003,2003,2004,2004,2004,2004,2004,2005,2005,2005,2005,2005,2006,2006,2006,2006,2006,2007,2007,2007,2007,2007,2008,2008,2008,2008,2008
"직업별","학력별","성별","연령",연령 (세),총근로시간수 (시간),정상근로시간수 (시간),초과근로시간수 (시간),근로자수 (명),연령 (세),총근로시간수 (시간),정상근로시간수 (시간),초과근로시간수 (시간),근로자수 (명),연령 (세),총근로시간수 (시간),정상근로시간수 (시간),초과근로시간수 (시간),근로자수 (명),연령 (세),총근로시간수 (시간),정상근로시간수 (시간),초과근로시간수 (시간),근로자수 (명),연령 (세),총근로시간수 (시간),정상근로시간수 (시간),초과근로시간수 (시간),근로자수 (명),연령 (세),총근로시간수 (시간),정상근로시간수 (시간),초과근로시간수 (시간),근로자수 (명),연령 (세),총근로시간수 (시간),정상근로시간수 (시간),초과근로시간수 (시간),근로자수 (명),연령 (세),총근로시간수 (시간),정상근로시간수 (시간),초과근로시간수 (시간),근로자수 (명),연령 (세),총근로시간수 (시간),정상근로시간수 (시간),초과근로시간수 (시간),근로자수 (명)
"고위임직원 및 관리자 (0)","전학력","남","~ 19세",-,-,-,-,-,-,-,-,-,-,,,,,,19.0,210.0,200.0,10.0,132,,,,,,,,,,,,,,,,,,,,,0.0,0.0,0.0,0.0,0
"고위임직원 및 관리자 (0)","전학력","남","20 ~ 24",24.0,196.7,193.4,3.3,71,-,-,-,-,-,22.7,215.6,208.7,6.9,171,23.1,204.6,191.3,13.3,336,23.5,190.9,187.8,3.2,76,23.9,190.5,185.1,5.4,120,23.6,178.9,178.9,0.0,142,23.1,192.5,177.1,15.4,501,23.5,178.3,175.5,2.8,1403
"고위임직원 및 관리자 (0)","전학력","남","25 ~ 29",27.6,192.9,189.3,3.6,2274,27.9,194.9,190.6,4.3,2322,27.5,191.6,186.3,5.3,3234,27.6,200.9,193.9,7.0,3055,28.1,206.6,188.1,18.6,1753,27.6,201.6,194.9,6.6,2987,27.4,188.0,183.9,4.1,1607,27.7,198.9,183.1,15.8,3601,27.5,178.2,172.0,6.2,31972
"고위임직원 및 관리자 (0)","전학력","남","30 ~ 34",32.6,196.3,189.7,6.6,12960,33.0,191.3,188.5,2.8,10208,32.6,193.1,188.2,4.9,14263,32.5,192.6,187.7,4.9,12882,32.5,197.9,191.5,6.4,9978,32.7,200.7,192.4,8.3,12182,32.7,193.1,185.8,7.3,6683,32.7,186.2,177.6,8.6,12977,32.0,178.5,172.8,5.7,47838
"고위임직원 및 관리자 (0)","전학력","남","35 ~ 39",37.4,194.2,189.5,4.7,42712,37.5,194.3,189.6,4.7,33388,37.3,190.0,184.6,5.4,39250,37.3,189.3,183.6,5.7,39360,37.3,198.6,192.9,5.7,28933,37.3,191.7,184.8,6.9,36345,37.4,189.7,183.3,6.4,28525,37.4,182.3,174.7,7.6,32000,37.0,176.4,171.8,4.6,51033
"고위임직원 및 관리자 (0)","전학력","남","40 ~ 44",42.0,193.4,189.1,4.3,78171,42.1,191.6,187.7,3.9,72683,42.1,185.2,181.7,3.5,76524,42.2,186.8,182.7,4.1,82102,42.3,194.9,190.9,4.0,68556,42.2,188.1,182.0,6.0,68375,42.2,185.4,180.8,4.6,60329,42.1,178.6,173.5,5.1,54940,42.1,175.5,172.1,3.4,50724
"고위임직원 및 관리자 (0)","전학력","남","45 ~ 49",46.8,192.5,188.4,4.1,61946,46.8,190.8,186.9,3.8,66120,46.9,184.3,180.3,4.0,66217,46.9,184.6,181.0,3.6,75516,46.9,193.6,189.4,4.1,71657,46.9,187.9,182.3,5.6,78875,47.0,184.2,179.7,4.5,72368,46.9,178.0,173.9,4.1,76304,46.9,177.0,174.3,2.7,49826
"고위임직원 및 관리자 (0)","전학력","남","50 ~ 54",52.0,192.7,188.9,3.9,43008,51.9,190.6,186.9,3.7,43653,51.9,183.2,180.3,2.8,44861,51.8,183.3,181.0,2.3,50560,51.8,193.0,190.1,2.8,44310,51.8,184.5,181.0,3.5,52909,51.7,183.5,179.9,3.6,56923,51.8,176.4,172.9,3.5,53126,51.7,176.3,174.3,2.0,37902
"고위임직원 및 관리자 (0)","전학력","남","55 ~ 59",56.8,190.0,188.2,1.8,25440,56.8,189.7,186.5,3.2,27605,56.8,185.7,182.4,3.3,29429,56.8,185.8,182.4,3.4,33669,56.8,195.0,192.7,2.3,30880,56.7,185.9,182.5,3.4,29944,56.7,185.7,182.1,3.6,30692,56.8,178.7,175.9,2.8,31881,56.8,176.3,175.0,1.3,18799
"고위임직원 및 관리자 (0)","전학력","남","60세 ~",64.6,190.8,189.1,1.7,27170,65.1,188.7,186.8,1.9,28400,64.6,185.1,182.6,2.5,24533,64.7,185.5,184.6,0.9,29904,65.0,194.3,192.5,1.8,28527,64.8,190.7,187.5,3.2,26302,64.9,185.6,183.4,2.2,24767,65.5,178.2,176.8,1.4,27787,64.7,178.8,178.1,0.7,14071
"고위임직원 및 관리자 (0)","전학력","여","~ 19세",-,-,-,-,-,-,-,-,-,-,,,,,,,,,,,,,,,,,,,,,,,,,,,,,,,0.0,0.0,0.0,0.0,0
"고위임직원 및 관리자 (0)","전학력","여","20 ~ 24",21.9,220.3,195.1,25.2,20,21.2,193.4,192.3,1.2,448,22.9,200.1,189.8,10.3,324,23.3,199.9,183.7,16.1,206,23.4,176.9,176.0,0.9,49,23.2,190.9,188.3,2.6,336,24.0,189.6,185.1,4.5,71,23.5,193.7,175.6,18.0,110,23.1,177.5,173.6,3.8,3299
"고위임직원 및 관리자 (0)","전학력","여","25 ~ 29",27.9,185.5,183.7,1.9,509,27.5,218.9,197.2,21.6,1028,27.1,197.0,193.9,3.1,616,27.7,202.0,189.9,12.1,820,25.9,190.0,180.0,10.0,604,27.8,187.5,184.0,3.5,988,27.8,177.1,171.0,6.1,561,27.4,182.7,179.7,3.0,1621,26.9,174.0,170.7,3.3,11557
"고위임직원 및 관리자 (0)","전학력","여","30 ~ 34",32.5,185.1,182.2,2.9,2113,32.8,191.8,191.8,0.0,1963,32.3,195.7,193.7,2.0,3170,32.6,197.3,195.2,2.2,2552,32.7,190.6,190.1,0.5,2303,32.3,184.5,182.1,2.4,2288,32.5,189.3,176.3,13.0,1713,32.6,176.7,171.8,4.9,2453,31.9,173.5,170.3,3.2,7737
"고위임직원 및 관리자 (0)","전학력","여","35 ~ 39",37.0,188.5,186.6,2.0,3207,37.3,193.0,184.9,8.2,2505,37.1,183.5,180.1,3.4,3122,37.3,181.4,180.8,0.5,2798,37.2,193.2,192.3,0.9,3365,37.5,193.8,189.1,4.6,3503,36.7,187.2,184.1,3.1,3281,37.4,180.1,179.1,1.0,4529,36.7,173.5,171.2,2.3,5315
"고위임직원 및 관리자 (0)","전학력","여","40 ~ 44",41.6,187.9,186.8,1.0,6154,42.5,187.0,184.2,2.7,4068,41.9,185.7,181.1,4.6,6184,41.9,186.8,185.3,1.5,5795,42.1,195.3,193.9,1.3,5340,41.8,190.1,187.0,3.1,4082,42.0,189.0,188.4,0.6,5034,42.4,178.7,176.7,2.0,4994,42.1,177.4,175.7,1.7,3150
"고위임직원 및 관리자 (0)","전학력","여","45 ~ 49",46.8,190.2,188.0,2.2,2833,47.3,194.4,191.0,3.4,3485,46.9,186.2,183.9,2.2,3459,46.5,182.9,181.2,1.7,4680,46.9,195.2,191.7,3.5,3953,46.9,188.0,185.1,2.9,4908,46.9,187.1,185.9,1.3,3476,47.2,182.9,179.5,3.4,4831,46.9,180.2,179.0,1.2,1667
"고위임직원 및 관리자 (0)","전학력","여","50 ~ 54",51.8,186.4,186.3,0.2,2206,52.5,188.3,187.6,0.8,2412,51.8,187.2,184.7,2.5,2389,51.8,181.1,181.1,0.0,2578,51.8,192.5,190.2,2.2,2335,51.9,186.7,185.0,1.7,2102,51.7,181.8,181.4,0.5,2919,51.5,179.9,179.2,0.7,4121,52.1,179.0,178.5,0.5,1768
"고위임직원 및 관리자 (0)","전학력","여","55 ~ 59",56.7,188.8,188.0,0.7,2555,57.0,184.6,182.5,2.0,1982,56.3,192.3,188.7,3.6,1836,56.4,189.3,185.2,4.1,2097,56.7,196.1,194.6,1.5,1739,56.6,194.9,194.3,0.6,1719,57.8,194.2,194.2,0.0,1928,57.0,185.5,181.5,4.0,1811,56.8,177.5,175.8,1.7,812
"고위임직원 및 관리자 (0)","전학력","여","60세 ~",69.3,189.8,189.0,0.7,2039,66.4,186.5,186.5,0.0,2104,65.2,187.8,187.8,0.0,1710,65.8,185.3,185.3,0.0,3025,66.2,190.4,190.1,0.3,2473,63.9,192.9,190.0,2.9,2396,65.0,178.4,177.8,0.6,2586,64.5,181.0,177.2,3.8,1349,64.8,182.3,182.1,0.2,908
"전문가 (1)","전학력","남","~ 19세",18.5,182.6,182.6,0.0,110,18.4,192.6,189.1,3.6,99,18.5,168.8,168.8,0.0,61,18.0,178.0,178.0,0.0,114,,,,,,18.8,186.5,182.5,4.0,98,18.0,168.0,168.0,0.0,4,,,,,,0.0,0.0,0.0,0.0,0
"전문가 (1)","전학력","남","20 ~ 24",23.2,195.2,188.2,7.0,4463,23.5,182.3,180.0,2.2,3391,23.2,179.3,177.9,1.4,6737,23.4,180.2,178.1,2.1,4494,23.0,185.1,181.1,4.0,5560,23.3,183.9,175.1,8.7,5809,23.6,179.5,171.3,8.2,4903,23.5,177.0,170.2,6.8,6293,23.3,167.8,163.7,4.1,5477
"전문가 (1)","전학력","남","25 ~ 29",27.6,188.8,182.4,6.4,54013,27.6,184.5,180.4,4.1,60865,27.4,179.4,174.5,4.9,65250,27.5,181.9,175.8,6.1,61778,27.5,189.7,184.3,5.4,58122,27.5,183.2,174.7,8.5,70888,27.4,181.1,170.4,10.7,55069,27.4,175.0,166.8,8.2,69825,27.5,172.3,164.0,8.4,89054
"전문가 (1)","전학력","남","30 ~ 34",32.0,188.7,181.8,6.9,90893,32.0,185.6,180.7,4.9,92304,32.0,177.9,171.8,6.1,92237,32.0,180.8,175.2,5.6,94873,32.0,189.0,183.2,5.8,89172,32.0,179.5,171.9,7.6,114982,32.1,179.3,170.4,8.8,91948,32.0,173.6,165.6,7.9,97450,32.1,169.5,162.4,7.1,121420
"전문가 (1)","전학력","남","35 ~ 39",37.0,188.3,182.2,6.1,92170,37.0,185.9,181.3,4.6,99657,37.0,177.4,172.2,5.2,86199,37.0,179.8,174.4,5.4,81409,36.9,188.0,182.5,5.6,80044,36.8,178.7,171.4,7.2,87435,36.8,179.1,171.9,7.2,88339,36.9,172.1,165.1,7.0,86553,36.9,171.1,163.3,7.7,115923
"전문가 (1)","전학력","남","40 ~ 44",41.8,188.8,182.8,6.0,68496,41.9,184.8,180.4,4.4,88109,41.8,177.3,172.7,4.7,79345,41.9,178.8,173.9,4.9,78220,42.0,187.1,182.4,4.7,66842,42.0,177.5,171.0,6.5,67430,41.9,177.7,171.7,6.0,74840,42.0,173.1,165.4,7.8,64448,41.9,167.1,161.2,5.9,70797
"전문가 (1)","전학력","남","45 ~ 49",46.7,188.9,184.0,4.9,36959,46.7,184.6,180.3,4.3,49542,46.8,175.4,171.4,4.0,44571,46.8,178.6,174.1,4.5,47250,46.8,188.3,183.8,4.5,47192,46.8,176.7,170.7,6.0,51058,46.8,178.2,172.0,6.2,54501,46.8,170.9,165.3,5.6,57305,46.9,169.1,162.4,6.6,61692
"전문가 (1)","전학력","남","50 ~ 54",51.8,187.2,183.0,4.1,18196,51.9,184.4,180.5,3.9,24637,51.8,175.3,171.6,3.7,22462,51.7,178.9,174.9,4.0,23319,51.6,187.9,183.9,4.0,22560,51.7,177.7,172.3,5.4,24940,51.7,177.2,172.0,5.2,28654,51.8,170.8,166.6,4.2,32565,51.8,168.7,163.3,5.5,39536
"전문가 (1)","전학력","남","55 ~ 59",56.8,184.2,181.3,2.9,8528,56.7,179.8,177.8,2.0,11635,56.8,173.6,169.9,3.7,12897,56.8,176.4,173.2,3.2,13201,56.7,186.9,183.7,3.2,13977,56.8,176.6,173.9,2.7,12907,57.0,177.6,172.8,4.9,13617,56.8,168.9,165.5,3.3,16001,56.8,166.7,162.9,3.8,18901
"전문가 (1)","전학력","남","60세 ~",64.4,180.8,179.4,1.4,7833,64.0,180.6,179.3,1.3,10092,63.7,173.5,171.8,1.7,8545,63.6,174.4,172.8,1.6,10566,64.2,180.9,179.6,1.3,12241,64.3,171.7,170.0,1.7,11801,63.5,176.5,174.1,2.4,9790,64.5,166.9,165.9,1.0,12435,64.5,164.9,163.5,1.4,15093
"전문가 (1)","전학력","여","~ 19세",18.8,191.3,180.8,10.5,140,18.8,194.7,186.7,8.0,92,18.6,183.8,183.8,0.0,232,18.8,172.1,170.7,1.4,277,18.3,222.8,203.8,18.9,349,18.5,186.4,185.3,1.1,322,18.2,174.5,165.5,9.0,16,19.0,180.0,180.0,0.0,85,19.0,166.0,166.0,0.0,2
"전문가 (1)","전학력","여","20 ~ 24",22.8,192.9,184.9,8.1,44750,22.9,189.2,182.4,6.8,51388,22.7,186.3,180.7,5.6,63766,22.8,186.1,177.3,8.8,64497,22.9,198.4,190.0,8.4,61995,22.9,194.4,186.3,8.1,58264,23.0,192.3,182.9,9.4,54799,23.0,183.0,174.1,8.9,61013,23.0,175.8,167.6,8.3,46248
"전문가 (1)","전학력","여","25 ~ 29",26.8,189.4,183.1,6.3,68673,26.7,187.0,180.8,6.3,79499,26.7,180.5,175.5,5.0,74094,26.8,183.6,176.7,6.9,85511,26.7,195.8,186.9,8.8,82647,26.8,187.4,180.0,7.4,95270,26.8,184.8,176.9,7.9,102275,26.8,179.0,171.5,7.5,107544,26.9,172.8,165.0,7.8,108794
"전문가 (1)","전학력","여","30 ~ 34",31.7,189.3,183.1,6.3,40289,31.8,187.5,182.3,5.3,46628,31.9,180.1,175.0,5.1,41311,31.8,182.4,175.8,6.6,43368,31.7,191.7,185.2,6.5,42797,31.8,183.5,177.6,5.8,51519,31.8,184.1,177.4,6.7,53247,31.8,173.0,167.0,6.1,61178,31.8,169.4,163.1,6.2,63464
"전문가 (1)","전학력","여","35 ~ 39",36.9,188.0,183.6,4.4,25928,36.9,186.5,182.6,3.9,27068,36.9,182.4,177.5,4.9,28374,36.9,182.3,176.9,5.4,29571,36.8,192.4,186.9,5.4,29405,36.8,178.2,173.4,4.7,30729,36.8,181.2,175.2,6.0,34415,36.9,172.8,166.7,6.0,38701,36.8,165.4,159.7,5.7,42267
"전문가 (1)","전학력","여","40 ~ 44",41.8,186.7,183.1,3.6,16100,41.7,185.0,181.7,3.3,16509,41.7,180.6,176.4,4.1,17153,41.8,182.0,176.8,5.2,18395,41.7,189.8,185.8,4.0,19545,41.8,181.2,175.7,5.5,19470,41.9,181.9,176.2,5.7,21444,41.8,175.9,169.9,6.0,23822,41.8,165.8,160.5,5.3,26086
"전문가 (1)","전학력","여","45 ~ 49",46.6,186.2,183.6,2.7,9537,46.7,182.4,178.9,3.5,9988,46.8,175.5,172.7,2.8,9519,46.7,179.4,173.9,5.6,9581,46.9,192.1,187.8,4.4,11711,46.7,179.2,175.1,4.1,13290,46.8,181.9,175.5,6.4,13877,46.8,173.3,168.4,4.9,14669,46.8,163.8,158.7,5.1,15995
"전문가 (1)","전학력","여","50 ~ 54",51.6,184.7,183.3,1.4,3609,51.6,176.1,173.4,2.7,3503,51.5,179.2,175.7,3.4,3767,51.5,177.1,174.4,2.7,4209,51.6,187.8,186.3,1.5,5451,51.5,182.5,176.8,5.7,5345,51.6,181.7,175.6,6.1,7289,51.4,176.1,171.5,4.5,8045,51.7,165.2,161.2,3.9,9232
"전문가 (1)","전학력","여","55 ~ 59",56.7,178.6,177.5,1.1,1816,56.6,178.8,177.1,1.6,1421,56.6,178.7,177.3,1.3,2184,56.8,187.6,181.3,6.3,2515,57.0,185.3,183.6,1.7,2569,56.8,172.2,170.0,2.2,2077,56.9,177.3,173.6,3.6,2241,56.3,170.3,169.5,0.8,2393,56.5,162.0,158.8,3.2,4016
"전문가 (1)","전학력","여","60세 ~",62.1,183.4,182.6,0.9,1206,62.5,190.3,189.3,1.1,1612,64.3,177.0,176.4,0.5,1442,64.1,183.6,181.1,2.5,1476,65.0,190.3,185.2,5.2,1857,62.8,174.8,172.8,2.0,1503,63.3,173.1,171.6,1.4,1324,63.4,164.6,163.2,1.4,1585,63.1,167.1,164.9,2.2,2328
"기술공 및 준전문가 (2)","전학력","남","~ 19세",18.6,199.1,191.3,7.8,1108,18.7,194.1,180.2,13.9,709,18.5,190.0,176.9,13.1,1611,18.8,185.4,182.6,2.8,985,18.5,200.1,190.8,9.3,1671,18.5,194.3,172.8,21.5,1288,18.5,205.0,169.5,35.5,1086,18.7,201.2,179.3,22.0,560,18.6,161.5,154.9,6.5,630
"기술공 및 준전문가 (2)","전학력","남","20 ~ 24",22.9,202.0,187.3,14.7,17872,23.2,194.9,185.0,9.9,19442,23.0,190.3,180.9,9.4,29303,23.0,189.7,179.1,10.6,26829,23.2,203.6,188.9,14.7,26530,23.0,195.5,183.4,12.1,20962,23.2,196.7,178.5,18.2,20799,23.2,185.7,172.4,13.3,20895,23.1,177.4,167.7,9.8,13856
"기술공 및 준전문가 (2)","전학력","남","25 ~ 29",27.4,199.2,186.1,13.2,140282,27.4,194.4,183.4,10.9,143495,27.3,187.7,176.9,10.8,162866,27.3,189.2,178.2,11.0,156750,27.4,197.5,186.4,11.1,155183,27.3,189.7,177.9,11.8,139429,27.3,188.1,175.0,13.2,145427,27.3,180.9,166.6,14.2,154556,27.3,172.3,165.1,7.3,122091
"기술공 및 준전문가 (2)","전학력","남","30 ~ 34",31.9,197.5,185.5,12.0,184911,32.0,193.8,183.9,9.9,209264,32.0,187.8,176.9,10.9,214128,32.0,188.1,177.2,10.8,210868,32.0,197.0,186.1,10.9,202816,32.0,189.9,177.7,12.2,184834,32.0,186.6,175.9,10.7,197166,32.1,179.6,167.5,12.1,206784,32.0,172.4,165.7,6.7,158326
"기술공 및 준전문가 (2)","전학력","남","35 ~ 39",36.9,195.3,185.4,9.9,153042,36.9,192.0,183.3,8.7,192324,37.0,186.9,176.4,10.5,173385,36.9,186.8,176.9,9.9,169660,36.8,196.7,186.2,10.6,165268,36.8,189.1,177.0,12.1,152049,36.8,186.0,175.6,10.4,153913,36.9,178.6,168.2,10.4,168495,36.9,176.0,168.7,7.3,139245
"기술공 및 준전문가 (2)","전학력","남","40 ~ 44",41.7,196.1,185.9,10.2,101405,41.8,192.8,183.8,9.0,140789,41.8,188.6,178.2,10.3,129510,41.8,187.3,177.3,10.0,132102,41.9,196.3,187.1,9.1,129661,41.9,188.4,176.1,12.3,101761,41.8,186.2,176.7,9.5,100700,41.8,178.7,168.0,10.6,105497,41.8,175.4,168.1,7.3,86901
"기술공 및 준전문가 (2)","전학력","남","45 ~ 49",46.7,195.4,185.7,9.8,46237,46.7,193.4,184.3,9.1,65680,46.7,188.3,177.7,10.6,65501,46.6,189.3,178.4,10.9,65169,46.7,197.3,187.6,9.7,74685,46.8,187.9,177.8,10.2,64874,46.7,186.4,176.0,10.4,72564,46.9,180.4,170.3,10.1,77993,46.8,178.9,171.1,7.8,61129
"기술공 및 준전문가 (2)","전학력","남","50 ~ 54",51.8,198.0,185.8,12.2,19198,51.9,195.3,185.5,9.8,27228,51.8,193.3,180.3,13.0,30693,51.6,190.8,179.7,11.1,29528,51.7,199.3,190.3,9.0,37014,51.6,191.7,179.9,11.8,29386,51.8,188.8,180.3,8.4,34986,51.6,180.6,170.9,9.7,41064,51.6,178.6,171.8,6.8,32793
"기술공 및 준전문가 (2)","전학력","남","55 ~ 59",56.9,195.1,187.0,8.0,9769,56.7,192.6,185.1,7.6,12414,56.7,193.4,184.5,8.9,15068,56.5,192.7,184.1,8.6,14774,56.8,199.1,191.8,7.3,18748,56.6,203.6,193.0,10.7,14075,56.9,187.6,179.5,8.2,16241,56.7,187.2,178.0,9.2,21520,56.6,177.8,171.5,6.3,14719
"기술공 및 준전문가 (2)","전학력","남","60세 ~",63.8,191.0,187.6,3.4,7703,64.4,196.9,188.9,8.0,9178,64.1,200.1,189.1,11.0,10717,64.3,191.8,185.6,6.2,11675,64.5,204.0,198.3,5.7,15131,65.3,199.8,194.4,5.4,11776,64.8,186.8,183.6,3.2,12793,65.1,177.6,174.9,2.7,18158,64.6,180.1,178.1,2.0,10880
"기술공 및 준전문가 (2)","전학력","여","~ 19세",18.8,212.4,190.9,21.5,2088,18.8,219.8,182.5,37.3,1429,18.7,204.0,187.7,16.4,3351,18.8,204.3,191.0,13.3,2533,18.7,210.2,191.3,18.9,2013,18.7,197.1,182.9,14.2,2378,18.7,206.4,175.9,30.5,3613,18.8,191.5,162.4,29.0,2450,18.5,185.6,169.2,16.4,550
"기술공 및 준전문가 (2)","전학력","여","20 ~ 24",22.5,196.7,186.4,10.3,37584,22.5,193.5,184.0,9.5,36832,22.4,188.2,180.1,8.1,48207,22.5,191.2,184.5,6.7,51594,22.6,198.6,189.7,8.9,45579,22.7,190.3,183.0,7.3,46798,22.7,189.9,179.4,10.5,52590,22.7,185.8,174.3,11.5,51303,22.7,182.7,175.2,7.5,54986
"기술공 및 준전문가 (2)","전학력","여","25 ~ 29",26.7,192.7,185.2,7.6,49446,26.8,190.1,183.0,7.1,49324,26.7,183.8,177.5,6.2,60120,26.8,185.6,179.6,5.9,57702,26.7,195.0,187.5,7.5,60651,26.8,186.2,179.4,6.8,58258,26.7,183.3,176.2,7.1,78173,26.9,181.1,173.2,7.9,93258,26.8,179.2,172.4,6.9,93418
"기술공 및 준전문가 (2)","전학력","여","30 ~ 34",31.5,188.7,183.5,5.2,21656,31.7,188.9,182.8,6.1,24651,31.7,182.7,176.7,6.0,26208,31.8,182.5,176.6,5.9,31334,31.8,193.3,186.5,6.8,33207,31.8,185.3,178.3,6.9,37279,31.8,184.5,177.5,7.1,42810,31.9,176.9,171.0,5.9,48648,31.8,178.0,171.5,6.4,51784
"기술공 및 준전문가 (2)","전학력","여","35 ~ 39",36.7,190.1,184.2,6.0,11582,36.7,194.2,185.4,8.8,14091,36.8,184.4,178.2,6.2,15202,36.8,188.7,181.7,7.0,17266,36.8,199.6,189.4,10.2,16059,36.8,190.1,180.9,9.2,20726,36.7,189.0,180.9,8.2,26066,36.7,181.0,173.6,7.4,28252,36.8,181.2,173.3,7.9,36826
"기술공 및 준전문가 (2)","전학력","여","40 ~ 44",41.9,195.8,187.7,8.2,7288,41.7,189.8,183.2,6.6,10048,42.1,191.0,180.6,10.4,9963,41.9,195.4,185.6,9.8,10601,41.9,198.2,187.0,11.3,11411,41.9,190.5,182.7,7.8,13687,41.9,193.1,182.6,10.5,13783,42.0,189.1,174.5,14.6,17502,41.8,186.0,175.0,11.0,20603
"기술공 및 준전문가 (2)","전학력","여","45 ~ 49",46.2,191.6,186.9,4.7,3269,46.5,190.0,185.7,4.3,4582,46.6,187.9,179.6,8.3,4402,46.5,199.8,182.5,17.3,6557,46.9,204.8,191.0,13.8,6687,46.6,199.1,185.8,13.3,8473,46.7,199.9,188.2,11.6,8598,46.7,193.3,178.0,15.3,12546,46.8,190.0,177.2,12.8,13745
"기술공 및 준전문가 (2)","전학력","여","50 ~ 54",51.6,200.3,190.4,9.9,1399,51.9,195.0,185.7,9.4,1593,51.1,200.4,190.2,10.2,2289,51.1,202.9,180.4,22.5,2435,51.4,203.0,193.9,9.1,3680,51.5,204.5,189.3,15.2,3031,51.5,207.0,195.5,11.5,3380,51.5,186.6,175.5,11.1,5109,51.6,192.2,179.5,12.7,7640
"기술공 및 준전문가 (2)","전학력","여","55 ~ 59",56.3,209.7,190.3,19.4,344,57.0,199.6,183.3,16.3,1347,56.3,190.1,186.8,3.3,1045,56.8,189.3,184.2,5.2,1248,57.3,194.5,183.5,10.9,989,56.6,235.1,227.8,7.4,945,56.9,208.9,197.8,11.1,1723,56.7,187.8,178.4,9.4,2673,56.2,192.9,182.0,11.0,2720
"기술공 및 준전문가 (2)","전학력","여","60세 ~",65.1,182.2,176.7,5.6,308,63.8,173.2,171.4,1.8,810,65.9,211.3,198.2,13.2,991,69.4,191.4,189.0,2.4,543,64.6,203.3,203.3,0.0,1282,64.2,198.5,193.2,5.3,640,63.7,149.1,147.3,1.8,1299,61.9,185.0,177.5,7.5,414,64.4,187.3,180.1,7.2,1293
"사무 종사자 (3)","전학력","남","~ 19세",18.8,207.7,186.3,21.4,1157,18.8,190.2,184.5,5.7,1630,18.7,191.7,176.4,15.3,1492,18.6,196.1,183.1,13.0,1038,18.7,198.0,185.7,12.2,736,18.7,199.5,189.4,10.1,1148,18.9,190.2,186.1,4.1,406,18.9,188.1,182.2,5.9,664,18.6,195.5,167.5,28.1,930
"사무 종사자 (3)","전학력","남","20 ~ 24",22.9,200.6,186.2,14.4,23082,23.0,201.3,186.9,14.4,22870,23.1,194.1,181.1,13.0,26355,23.1,194.1,179.0,15.1,23273,23.1,202.7,187.7,15.0,22695,23.1,197.4,181.9,15.5,26692,23.2,193.5,179.8,13.7,24426,23.1,182.8,170.8,11.9,22500,23.1,182.4,167.5,14.8,20224
"사무 종사자 (3)","전학력","남","25 ~ 29",27.5,197.4,185.8,11.6,180834,27.5,193.9,183.9,10.0,187307,27.4,187.2,177.3,9.9,198002,27.4,188.3,178.6,9.7,180200,27.4,197.5,187.1,10.4,172842,27.4,189.8,179.3,10.5,182648,27.4,187.0,176.0,11.0,194252,27.4,178.3,168.2,10.1,178088,27.4,176.2,166.0,10.2,175409
"사무 종사자 (3)","전학력","남","30 ~ 34",31.8,196.9,185.1,11.8,227078,31.8,192.7,183.7,9.0,257985,31.9,185.2,175.3,9.9,259796,31.9,186.8,177.5,9.3,252419,32.0,194.1,184.9,9.2,260036,32.0,188.2,177.7,10.5,269621,32.0,186.7,176.0,10.7,274344,32.1,177.5,168.9,8.6,268136,32.0,175.4,166.4,9.0,245926
"사무 종사자 (3)","전학력","남","35 ~ 39",36.8,198.7,186.0,12.7,130933,36.8,194.0,183.5,10.5,140368,36.8,185.0,174.3,10.6,169714,36.8,187.4,177.0,10.4,162543,36.9,195.0,185.1,9.9,195040,36.8,186.9,176.9,10.0,223816,36.8,186.0,176.5,9.5,244462,36.9,177.0,168.7,8.2,248287,37.0,176.2,167.5,8.7,244907
"사무 종사자 (3)","전학력","남","40 ~ 44",41.7,201.2,186.8,14.4,79370,41.7,194.5,184.1,10.5,87275,41.7,187.7,176.4,11.3,97890,41.8,188.2,176.9,11.3,108364,41.8,196.5,185.3,11.2,131246,41.9,188.4,177.2,11.2,152824,41.9,187.1,177.2,9.9,167431,41.9,178.1,169.7,8.4,172610,41.9,176.5,168.5,8.0,190040
"사무 종사자 (3)","전학력","남","45 ~ 49",46.7,201.2,186.7,14.6,37794,46.6,197.3,184.3,13.0,38446,46.7,188.8,177.2,11.6,48936,46.7,191.2,178.8,12.4,50731,46.8,199.2,187.7,11.5,69370,46.7,189.7,178.6,11.1,90275,46.7,186.1,176.6,9.5,103920,46.8,179.2,170.3,8.9,118076,46.8,177.8,169.9,7.9,152683
"사무 종사자 (3)","전학력","남","50 ~ 54",51.9,201.0,186.6,14.4,21640,52.0,196.8,184.2,12.6,22255,51.7,192.0,178.5,13.5,24881,51.7,192.7,180.5,12.2,25295,51.8,200.7,188.5,12.2,32529,51.8,188.8,177.9,10.9,45163,51.7,188.8,179.6,9.1,52134,51.7,180.5,171.7,8.7,62234,51.7,178.0,171.1,6.9,84794
"사무 종사자 (3)","전학력","남","55 ~ 59",56.7,199.8,188.3,11.5,11485,56.7,196.1,187.5,8.6,12551,56.6,194.0,184.6,9.3,12402,56.7,193.8,184.3,9.4,13402,56.6,198.0,190.0,8.0,14569,56.7,190.7,181.5,9.2,20087,56.7,191.4,184.7,6.7,24692,56.6,180.7,173.5,7.2,29636,56.7,180.7,174.0,6.7,38854
"사무 종사자 (3)","전학력","남","60세 ~",65.1,202.0,189.3,12.7,9651,64.2,198.4,191.4,7.0,9439,63.4,202.2,194.3,7.9,8079,63.3,201.0,193.4,7.6,9576,64.1,200.9,194.7,6.2,10599,65.1,194.9,190.5,4.4,16825,64.4,193.4,190.3,3.1,18953,64.8,185.4,182.7,2.7,21306,65.1,179.9,177.1,2.8,31426
"사무 종사자 (3)","전학력","여","~ 19세",18.8,194.0,186.0,7.9,27079,18.7,194.2,184.4,9.7,23753,18.6,187.2,179.4,7.9,26184,18.6,188.7,179.4,9.3,17257,18.6,192.1,184.3,7.9,13159,18.6,189.3,181.0,8.3,9007,18.6,183.6,176.4,7.1,8395,18.6,180.4,169.5,10.9,5525,18.6,172.8,164.4,8.5,7583
"사무 종사자 (3)","전학력","여","20 ~ 24",22.3,194.2,186.6,7.6,257563,22.4,192.0,184.8,7.2,255722,22.4,185.9,178.8,7.1,239752,22.4,186.7,180.3,6.4,228913,22.5,195.3,188.0,7.3,213304,22.7,185.7,178.9,6.8,182231,22.8,184.3,176.5,7.8,157680,22.8,177.3,170.7,6.6,138502,22.8,173.2,167.1,6.1,132335
"사무 종사자 (3)","전학력","여","25 ~ 29",26.7,193.6,186.1,7.5,236787,26.7,190.1,184.1,6.0,256295,26.8,182.1,175.6,6.5,238907,26.8,183.3,177.2,6.1,237856,26.8,192.2,186.1,6.2,242162,26.8,184.2,178.1,6.1,244783,26.8,182.1,175.7,6.4,279960,26.9,175.1,169.0,6.1,296401,26.9,171.7,166.1,5.7,312824
"사무 종사자 (3)","전학력","여","30 ~ 34",31.5,192.9,185.4,7.5,87126,31.6,188.4,183.3,5.1,101901,31.6,181.4,176.1,5.3,113080,31.7,183.2,177.9,5.4,121193,31.7,191.3,185.8,5.5,133835,31.8,183.4,177.3,6.1,139193,31.8,182.0,176.2,5.8,158598,31.8,174.9,169.4,5.4,181407,31.8,172.3,167.0,5.3,192067
"사무 종사자 (3)","전학력","여","35 ~ 39",36.6,194.5,185.3,9.2,37478,36.7,189.6,183.4,6.2,43829,36.8,182.4,176.6,5.8,49382,36.8,184.5,178.0,6.5,53439,36.7,192.6,185.8,6.9,62340,36.7,185.5,178.4,7.0,67921,36.6,182.0,176.0,6.1,84249,36.7,176.5,171.1,5.4,98523,36.8,175.2,169.5,5.7,130000
"사무 종사자 (3)","전학력","여","40 ~ 44",41.6,188.7,181.7,7.0,21536,41.7,189.9,183.0,7.0,24727,41.8,183.0,177.2,5.8,27525,41.8,187.3,180.8,6.5,30993,41.9,192.4,185.9,6.5,35374,41.8,188.0,180.4,7.6,38337,41.9,184.7,177.2,7.5,46641,41.8,177.0,170.8,6.2,51229,41.8,178.9,171.3,7.7,68834
"사무 종사자 (3)","전학력","여","45 ~ 49",46.7,188.7,180.1,8.6,7228,46.7,197.3,186.2,11.0,10261,46.6,184.9,180.1,4.8,11956,46.6,188.7,182.5,6.2,14373,46.7,198.5,190.8,7.7,17527,46.6,190.7,182.3,8.4,20177,46.6,187.0,179.8,7.2,26210,46.8,186.9,177.6,9.3,31189,46.7,179.0,172.5,6.5,43537
"사무 종사자 (3)","전학력","여","50 ~ 54",51.8,192.3,181.0,11.2,3434,51.9,203.7,186.9,16.8,3639,51.6,194.9,187.3,7.7,4311,51.4,186.3,181.8,4.5,5483,51.6,194.7,190.5,4.3,5313,51.5,191.6,183.7,7.9,7459,51.5,188.6,182.8,5.8,10117,51.5,182.9,176.8,6.1,12906,51.7,180.0,174.8,5.2,18086
"사무 종사자 (3)","전학력","여","55 ~ 59",57.2,196.1,190.8,5.3,1994,57.3,194.6,190.5,4.1,1943,56.5,185.5,180.6,4.9,1481,56.2,184.3,178.9,5.4,1416,56.8,210.1,202.5,7.6,3267,56.3,192.5,187.4,5.1,2502,56.3,188.0,179.0,9.0,3317,56.7,190.8,185.5,5.4,5201,56.5,181.1,176.7,4.5,5995
"사무 종사자 (3)","전학력","여","60세 ~",69.3,190.6,176.2,14.4,1756,65.4,209.2,189.4,19.8,635,64.8,189.2,173.4,15.8,523,64.6,184.0,183.5,0.5,963,64.7,195.7,192.4,3.3,1888,66.1,191.7,186.1,5.6,2010,63.5,200.8,193.7,7.1,1760,64.0,190.6,190.6,0.0,3855,64.3,179.1,176.5,2.6,5322
"서비스 종사자 (4)","전학력","남","~ 19세",18.7,179.3,170.5,8.8,758,18.8,199.5,167.7,31.8,387,18.4,255.1,241.8,13.3,1571,18.2,185.6,174.1,11.6,525,18.5,199.8,194.2,5.6,1384,18.5,167.9,161.0,6.9,1612,18.6,203.0,198.6,4.4,783,18.3,157.9,154.0,3.9,1257,18.2,132.4,129.5,2.9,3665
"서비스 종사자 (4)","전학력","남","20 ~ 24",22.6,220.9,187.7,33.2,4407,22.5,203.8,194.6,9.2,6653,22.7,223.7,209.3,14.4,9767,22.8,234.7,218.2,16.5,9845,22.9,234.0,209.5,24.5,11281,22.7,213.6,190.1,23.5,15564,22.9,214.6,202.7,12.0,8143,22.8,206.0,192.8,13.2,9495,22.7,184.2,170.0,14.2,8968
"서비스 종사자 (4)","전학력","남","25 ~ 29",27.2,209.1,188.9,20.3,19999,27.3,204.3,190.4,14.0,18645,27.2,223.7,210.4,13.3,20252,27.1,221.2,203.4,17.7,19799,27.0,226.3,204.0,22.3,20387,26.8,220.3,198.8,21.5,23716,26.9,212.7,197.5,15.3,17960,26.9,210.2,194.3,15.9,19932,26.9,206.3,184.4,21.9,19867
"서비스 종사자 (4)","전학력","남","30 ~ 34",31.6,208.5,188.3,20.2,13085,31.6,200.0,188.0,12.0,14602,31.8,217.7,203.1,14.6,15724,31.9,229.6,211.8,17.8,18709,31.8,229.6,210.9,18.6,16557,31.9,220.9,201.9,19.0,16719,32.1,204.8,191.8,13.0,17371,31.8,208.5,190.7,17.8,16707,31.9,202.9,186.1,16.8,15759
"서비스 종사자 (4)","전학력","남","35 ~ 39",37.1,204.0,188.6,15.3,9450,36.8,202.5,190.0,12.5,9963,36.7,212.6,201.1,11.6,10033,36.6,219.9,203.6,16.3,10517,36.7,224.9,207.7,17.2,10219,36.7,216.6,201.5,15.1,9695,36.8,209.8,191.7,18.1,12415,36.7,201.4,187.8,13.6,11994,36.7,204.0,190.0,13.9,11875
"서비스 종사자 (4)","전학력","남","40 ~ 44",41.7,207.9,185.3,22.6,6149,41.9,205.6,189.6,16.0,6601,42.0,217.6,203.5,14.1,8391,41.8,215.0,203.6,11.4,8538,41.9,221.5,205.7,15.8,7249,41.9,213.2,200.8,12.4,6982,42.0,206.5,191.6,14.9,9282,42.0,202.8,189.2,13.6,7342,42.1,203.0,189.4,13.5,7673
"서비스 종사자 (4)","전학력","남","45 ~ 49",46.8,209.9,182.2,27.7,3435,46.8,212.8,190.5,22.4,4630,46.5,223.5,206.3,17.2,5215,46.7,225.0,213.5,11.5,7137,47.0,224.1,207.3,16.8,6149,47.0,217.9,204.7,13.2,7078,46.9,211.8,189.6,22.2,6624,46.9,201.6,184.6,17.1,6481,46.9,207.4,192.7,14.7,6917
"서비스 종사자 (4)","전학력","남","50 ~ 54",51.9,210.4,180.0,30.4,3221,52.1,206.5,184.6,22.0,3758,51.8,211.1,191.2,19.9,3578,51.8,216.8,197.1,19.6,3388,51.8,224.8,207.0,17.8,4132,51.7,216.5,202.1,14.4,4590,52.0,206.0,181.3,24.7,4329,51.7,209.5,188.7,20.9,4664,52.1,201.1,189.3,11.8,4607
"서비스 종사자 (4)","전학력","남","55 ~ 59",57.1,212.8,185.4,27.4,3376,57.3,195.0,183.8,11.2,2146,56.7,224.0,201.8,22.2,1191,56.2,231.7,198.8,32.9,1657,56.7,229.6,212.4,17.2,1832,56.7,214.8,199.3,15.5,2829,56.9,215.1,194.8,20.3,2526,56.7,216.9,190.7,26.2,2201,56.8,189.3,175.6,13.6,1854
"서비스 종사자 (4)","전학력","남","60세 ~",63.8,208.4,199.7,8.8,1047,62.2,201.4,188.6,12.8,869,63.5,277.3,268.1,9.2,577,63.6,259.3,233.5,25.8,1300,64.1,205.4,193.0,12.4,728,63.7,190.6,185.4,5.2,1394,63.9,217.5,214.6,2.9,1342,63.9,241.0,235.7,5.3,1351,64.6,201.9,193.2,8.7,1996
"서비스 종사자 (4)","전학력","여","~ 19세",18.5,160.5,142.8,17.7,1142,18.7,193.0,180.7,12.3,783,18.4,212.0,199.9,12.1,2388,18.6,194.3,190.3,4.0,1674,18.6,176.3,170.9,5.4,1653,18.6,165.5,160.6,4.9,2355,18.8,203.3,197.9,5.4,938,18.5,210.8,206.2,4.6,2035,18.6,180.6,170.8,9.7,1506
"서비스 종사자 (4)","전학력","여","20 ~ 24",22.3,190.8,181.5,9.3,15670,21.9,197.5,189.2,8.3,14386,21.9,205.7,192.1,13.5,20220,22.1,208.8,198.0,10.8,23825,22.2,205.6,193.9,11.7,20161,22.2,192.3,181.3,11.0,25561,22.3,206.4,198.4,8.0,16684,22.4,189.2,179.3,10.0,18229,22.2,187.0,179.3,7.7,13486
"서비스 종사자 (4)","전학력","여","25 ~ 29",26.6,188.7,181.0,7.7,9606,26.7,197.0,188.3,8.6,11883,26.8,207.4,198.6,8.8,14176,26.8,205.2,196.3,9.0,14203,26.9,201.4,194.2,7.1,11117,26.7,193.3,183.7,9.7,18546,26.7,202.7,194.5,8.2,15147,26.8,194.5,185.1,9.4,22474,26.7,190.3,181.6,8.7,15839
"서비스 종사자 (4)","전학력","여","30 ~ 34",32.1,195.3,186.7,8.6,6056,32.1,197.1,188.3,8.7,6773,32.2,219.7,214.0,5.8,9445,31.8,206.6,199.6,7.0,11211,32.0,214.2,208.9,5.3,10021,31.9,198.5,191.7,6.8,12987,32.2,206.9,193.9,13.0,12922,32.0,198.6,190.6,8.0,11952,32.1,196.2,186.0,10.2,8739
"서비스 종사자 (4)","전학력","여","35 ~ 39",37.2,189.1,182.9,6.2,10503,37.5,187.8,181.7,6.1,9831,37.2,224.1,214.5,9.6,11349,37.0,215.3,205.3,10.0,14558,37.0,222.5,213.6,8.9,13929,37.2,207.2,198.1,9.1,13515,37.1,212.2,198.1,14.1,17293,37.1,209.2,199.6,9.6,16820,37.0,205.1,194.0,11.1,9863
"서비스 종사자 (4)","전학력","여","40 ~ 44",41.9,194.1,182.9,11.2,16836,41.9,190.9,181.7,9.2,21843,42.1,222.7,207.7,14.9,21646,42.2,217.6,203.0,14.6,21935,42.4,221.8,209.1,12.7,22047,42.1,209.7,195.6,14.1,19884,42.2,214.4,197.4,17.0,23637,42.1,210.5,195.4,15.1,21655,42.2,205.0,196.9,8.1,14721
"서비스 종사자 (4)","전학력","여","45 ~ 49",46.9,204.4,187.5,16.9,16117,46.9,199.9,184.8,15.1,19112,46.9,220.4,203.1,17.3,19553,47.0,208.4,192.4,16.0,22301,47.0,222.5,208.2,14.3,25562,47.0,212.7,199.4,13.3,26437,46.9,217.4,196.6,20.8,29630,47.0,205.0,186.6,18.4,25954,47.0,203.2,192.4,10.9,17897
"서비스 종사자 (4)","전학력","여","50 ~ 54",51.7,199.2,184.1,15.1,12598,51.9,198.9,186.1,12.8,16170,51.8,216.8,197.2,19.6,15837,51.8,214.9,199.5,15.4,18806,51.9,217.8,200.8,17.0,18697,51.6,211.1,198.9,12.2,17916,51.7,220.0,199.3,20.7,22306,51.7,210.8,191.8,19.0,21353,51.8,202.4,189.3,13.1,14652
"서비스 종사자 (4)","전학력","여","55 ~ 59",56.5,202.9,191.6,11.4,6380,56.6,202.2,191.4,10.9,6270,57.2,215.7,202.3,13.4,9005,56.9,212.5,200.0,12.5,8521,57.1,220.3,209.6,10.6,9885,56.8,207.5,199.1,8.4,10314,56.8,214.0,198.1,15.9,10426,56.7,208.1,193.5,14.5,10515,56.7,206.4,197.5,8.9,8060
"서비스 종사자 (4)","전학력","여","60세 ~",62.9,193.6,186.3,7.4,4187,63.4,199.9,193.2,6.7,4905,63.4,213.4,203.5,9.9,6323,63.9,219.4,203.6,15.8,7430,63.3,213.1,207.8,5.3,7176,63.7,205.0,192.9,12.1,6267,63.7,213.0,203.1,9.9,5994,62.9,204.5,195.6,8.9,4862,63.4,197.8,191.3,6.5,4626
"판매 종사자 (5)","전학력","남","~ 19세",18.9,202.5,196.7,5.7,1589,18.5,188.2,174.8,13.4,699,18.3,210.1,200.2,9.9,1616,18.4,195.6,189.8,5.8,1323,18.7,229.3,217.3,12.1,797,18.5,181.1,166.8,14.3,1382,18.8,164.0,157.6,6.5,42,18.6,188.3,187.0,1.2,188,18.3,207.1,205.7,1.4,568
"판매 종사자 (5)","전학력","남","20 ~ 24",22.6,198.6,190.2,8.4,8808,22.3,204.0,194.4,9.6,10434,23.0,210.7,197.6,13.1,9607,22.9,202.7,191.4,11.4,7814,22.8,230.5,197.6,32.9,7955,22.7,202.7,186.7,16.0,7730,23.5,198.1,184.8,13.3,5722,23.3,204.3,193.8,10.5,8015,23.1,204.7,196.5,8.2,4689
"판매 종사자 (5)","전학력","남","25 ~ 29",27.3,206.0,191.2,14.9,24492,27.3,199.8,188.5,11.3,21451,27.2,198.6,187.0,11.6,38994,27.3,202.4,187.3,15.0,26320,27.1,215.0,196.2,18.8,25608,27.2,207.4,187.5,19.9,23730,26.9,202.0,187.5,14.5,28507,27.1,195.9,185.3,10.6,29740,27.2,202.2,188.7,13.5,22069
"판매 종사자 (5)","전학력","남","30 ~ 34",31.6,206.6,191.8,14.8,16965,31.7,201.5,189.5,11.9,16374,31.8,193.2,186.1,7.1,27634,31.8,203.1,189.3,13.8,22950,31.8,211.8,195.2,16.6,19639,32.0,201.9,187.1,14.8,28341,31.9,204.7,189.6,15.2,21177,32.0,191.4,183.9,7.5,34069,32.1,194.4,181.8,12.6,24418
"판매 종사자 (5)","전학력","남","35 ~ 39",36.6,200.7,191.9,8.9,7241,36.4,203.4,189.2,14.2,6058,36.7,192.2,185.8,6.5,15641,36.6,196.4,187.3,9.1,12263,36.7,204.3,193.3,11.0,12455,36.4,200.3,187.0,13.2,15883,36.5,200.7,190.8,10.0,12620,36.7,187.2,177.9,9.4,16952,37.1,189.4,179.1,10.3,20531
"판매 종사자 (5)","전학력","남","40 ~ 44",41.6,196.3,191.9,4.4,3230,41.6,205.3,191.5,13.9,3626,41.8,189.9,186.7,3.2,8043,41.7,196.2,189.1,7.2,7285,41.9,201.5,195.3,6.3,6081,42.0,193.9,185.4,8.5,7551,41.8,201.1,191.3,9.7,6212,41.7,186.3,180.2,6.1,8140,42.0,191.4,183.4,8.1,13041
"판매 종사자 (5)","전학력","남","45 ~ 49",47.2,201.5,194.4,7.1,1930,47.2,196.8,187.6,9.2,1953,46.8,197.9,191.8,6.1,3526,46.5,201.6,195.3,6.3,3499,46.5,209.5,204.3,5.2,2595,46.5,204.8,193.1,11.6,4609,46.8,211.8,205.6,6.1,6492,47.0,188.4,175.9,12.5,5600,47.0,191.5,181.6,9.9,8937
"판매 종사자 (5)","전학력","남","50 ~ 54",51.8,206.4,198.2,8.2,2626,52.4,203.0,198.0,5.0,2184,51.9,207.7,199.7,8.1,2164,51.9,194.9,191.5,3.4,1780,51.7,225.2,215.9,9.3,2329,52.2,201.1,186.4,14.7,2292,52.4,216.0,203.6,12.4,2269,51.1,206.5,193.9,12.6,4001,51.6,185.2,181.1,4.0,3405
"판매 종사자 (5)","전학력","남","55 ~ 59",56.8,211.1,196.2,15.0,1566,56.6,204.7,196.1,8.6,1175,57.0,213.1,207.8,5.3,1690,56.5,222.4,210.6,11.8,1423,56.9,218.8,215.9,2.9,1452,56.2,203.7,184.0,19.7,552,56.5,224.8,212.7,12.0,1041,55.7,198.1,194.3,3.8,3295,56.9,194.0,186.9,7.2,1629
"판매 종사자 (5)","전학력","남","60세 ~",63.4,214.4,195.5,19.0,1663,62.9,206.8,195.0,11.8,1226,64.8,214.1,204.8,9.3,614,64.7,229.0,213.5,15.4,1001,64.8,217.7,204.0,13.7,1257,64.5,231.8,222.2,9.5,1086,63.7,275.4,241.6,33.7,1072,65.2,224.5,215.4,9.1,3666,64.0,212.4,206.4,6.0,1946
"판매 종사자 (5)","전학력","여","~ 19세",18.7,205.7,191.8,13.9,2703,18.7,211.2,185.7,25.5,1949,18.6,198.7,171.1,27.6,2129,18.5,220.5,206.3,14.2,2169,18.7,213.2,193.8,19.5,894,18.7,194.9,179.0,15.9,1458,18.8,213.4,199.6,13.8,344,18.9,169.3,166.4,2.8,1217,18.6,188.6,186.7,1.9,779
"판매 종사자 (5)","전학력","여","20 ~ 24",22.2,203.8,187.2,16.6,24258,22.1,205.6,188.7,16.9,25490,22.2,211.8,188.7,23.1,22151,22.3,200.8,186.7,14.0,18489,22.3,209.4,191.6,17.8,15480,22.5,193.1,181.5,11.7,20378,22.7,199.9,182.3,17.5,13642,22.9,201.1,189.9,11.2,10909,22.5,191.5,183.6,8.0,9835
"판매 종사자 (5)","전학력","여","25 ~ 29",26.6,199.9,188.1,11.9,19389,26.7,200.0,187.5,12.5,19848,26.9,204.2,184.6,19.6,18283,26.9,195.5,185.0,10.6,19053,26.8,205.5,191.5,14.0,13820,26.9,192.3,180.4,11.8,25812,26.8,194.4,180.6,13.8,17393,26.8,192.4,184.5,8.0,19996,26.8,183.7,174.6,9.0,19873
"판매 종사자 (5)","전학력","여","30 ~ 34",31.6,193.2,185.5,7.7,6881,32.1,194.1,181.5,12.6,7664,31.6,206.0,191.0,15.0,9011,31.7,189.9,184.5,5.4,11059,31.7,204.6,195.3,9.3,7837,31.9,187.0,177.3,9.7,13303,31.9,201.8,190.8,11.0,9926,32.1,195.5,189.8,5.7,15847,31.9,177.5,170.2,7.3,9148
"판매 종사자 (5)","전학력","여","35 ~ 39",37.3,188.1,178.1,10.0,7393,37.1,188.6,178.7,9.9,7374,37.3,195.8,188.1,7.7,6079,36.9,188.8,173.2,15.5,5107,36.9,206.2,195.1,11.0,5895,37.1,185.6,175.3,10.3,11875,37.0,194.5,176.8,17.7,7378,36.6,191.7,187.4,4.3,13119,36.8,184.0,176.3,7.6,9188
"판매 종사자 (5)","전학력","여","40 ~ 44",41.8,194.5,183.3,11.2,4709,41.9,190.9,177.3,13.7,8335,42.0,202.4,191.9,10.4,4760,41.9,198.0,191.1,6.9,6083,41.9,206.6,191.0,15.6,6803,42.1,186.9,176.0,10.8,8834,41.8,214.7,201.3,13.4,8518,41.6,189.6,185.6,4.0,12095,41.8,199.1,192.2,6.9,8614
"판매 종사자 (5)","전학력","여","45 ~ 49",46.6,187.9,179.9,8.0,2718,46.7,188.6,172.2,16.4,3707,47.0,199.5,194.1,5.4,3370,46.7,187.7,183.3,4.4,3810,46.8,202.8,186.6,16.2,4337,46.5,195.9,179.9,16.0,5560,46.8,218.7,207.6,11.2,5935,46.7,187.8,179.8,8.0,7286,47.0,192.6,182.7,9.9,6377
"판매 종사자 (5)","전학력","여","50 ~ 54",51.8,207.2,185.2,22.0,939,52.0,191.9,178.8,13.0,1432,52.0,224.0,214.7,9.3,1486,51.5,194.3,185.7,8.6,2328,51.9,191.5,179.1,12.4,2494,51.0,205.7,195.0,10.7,2190,51.0,204.9,194.4,10.4,1752,51.9,183.9,174.8,9.1,3174,51.5,187.3,179.1,8.1,2826
"판매 종사자 (5)","전학력","여","55 ~ 59",55.7,200.7,192.9,7.8,296,56.1,188.0,180.0,8.0,438,56.8,241.4,215.3,26.2,299,57.7,198.4,193.3,5.1,338,55.5,187.4,173.3,14.1,487,56.0,214.9,189.0,25.9,323,56.3,208.8,200.5,8.4,274,57.2,215.4,179.2,36.2,804,56.7,195.2,186.9,8.3,315
"판매 종사자 (5)","전학력","여","60세 ~",61.6,230.7,184.2,46.4,67,63.1,181.0,181.0,0.0,42,69.5,240.5,209.2,31.3,434,71.8,197.2,191.5,5.7,237,70.7,140.3,138.1,2.2,460,68.2,191.6,189.4,2.2,188,62.3,204.0,188.0,16.0,18,66.3,199.8,189.7,10.1,684,62.7,207.2,207.2,0.0,124
"농업, 임업 및 어업 숙련 종사자 (6)","전학력","남","~ 19세",18.8,206.5,191.7,14.8,15,18.8,190.0,190.0,0.0,12,18.3,174.9,174.9,0.0,28,18.6,206.8,204.5,2.3,44,19.0,234.9,202.1,32.8,19,19.0,200.0,200.0,0.0,1,17.0,252.0,208.0,44.0,2,,,,,,18.6,180.1,180.1,0.0,18
"농업, 임업 및 어업 숙련 종사자 (6)","전학력","남","20 ~ 24",23.1,201.2,195.6,5.5,172,22.7,206.8,204.4,2.4,489,22.7,201.2,192.3,8.9,133,22.4,211.3,199.4,12.0,209,23.1,209.4,196.5,12.8,293,21.8,215.4,182.5,32.9,291,23.6,201.1,182.4,18.7,216,23.2,202.6,183.8,18.9,66,23.1,221.6,202.0,19.6,285
"농업, 임업 및 어업 숙련 종사자 (6)","전학력","남","25 ~ 29",27.1,202.7,196.5,6.2,1259,27.6,202.0,193.4,8.6,1744,27.5,200.1,186.3,13.8,938,27.0,204.8,191.4,13.4,1297,27.4,224.6,196.6,28.0,1024,26.7,222.3,193.7,28.6,978,27.5,197.9,178.1,19.8,963,27.0,188.9,178.3,10.6,1334,27.2,199.8,182.3,17.5,799
"농업, 임업 및 어업 숙련 종사자 (6)","전학력","남","30 ~ 34",31.5,198.7,190.8,7.9,1230,31.8,204.3,192.0,12.3,1869,31.9,188.7,177.7,11.0,1603,31.7,209.0,190.9,18.1,1488,31.9,210.0,192.5,17.4,2292,31.9,210.8,194.0,16.8,1884,32.4,199.8,186.0,13.8,2034,32.1,190.7,178.2,12.5,1365,31.9,196.0,182.2,13.9,1459
"농업, 임업 및 어업 숙련 종사자 (6)","전학력","남","35 ~ 39",37.4,197.4,188.4,8.9,1161,37.2,198.5,187.3,11.3,1036,36.9,175.3,159.9,15.4,1272,36.5,210.0,191.7,18.3,1054,36.7,212.0,194.5,17.5,1421,36.5,207.0,191.8,15.2,1450,36.8,208.0,187.3,20.7,1139,36.9,197.0,183.3,13.7,2012,37.0,193.5,178.3,15.1,1473
"농업, 임업 및 어업 숙련 종사자 (6)","전학력","남","40 ~ 44",41.8,203.5,194.8,8.7,1508,42.1,206.4,192.8,13.6,1548,42.1,183.3,170.0,13.3,1099,41.9,210.4,193.2,17.2,1150,41.8,211.8,197.4,14.4,1480,42.3,199.9,189.8,10.1,1399,42.0,196.2,183.4,12.8,1166,42.0,192.9,181.9,11.0,1510,41.9,192.6,174.7,17.9,971
"농업, 임업 및 어업 숙련 종사자 (6)","전학력","남","45 ~ 49",47.3,205.3,194.4,10.9,1127,47.2,210.5,192.6,17.9,1254,46.9,188.7,181.7,7.0,901,46.9,213.9,195.2,18.7,911,46.4,215.6,195.6,20.0,1124,47.3,204.6,191.0,13.6,1138,46.8,204.2,188.1,16.2,1160,46.9,191.3,179.8,11.5,1376,46.7,194.4,185.1,9.3,1590
"농업, 임업 및 어업 숙련 종사자 (6)","전학력","남","50 ~ 54",52.1,212.5,197.3,15.2,892,51.9,214.0,194.0,20.0,1227,51.8,192.1,181.6,10.5,832,51.7,210.4,184.9,25.6,543,51.2,214.8,199.7,15.1,805,52.1,202.7,187.3,15.4,706,51.9,195.8,181.2,14.6,798,51.8,187.1,174.5,12.5,1282,51.7,183.0,171.3,11.7,989
"농업, 임업 및 어업 숙련 종사자 (6)","전학력","남","55 ~ 59",57.2,192.9,186.4,6.5,746,56.6,198.0,188.7,9.3,594,57.3,190.1,183.5,6.6,419,56.5,205.7,194.2,11.5,402,57.3,208.1,199.0,9.2,497,56.8,205.4,185.7,19.7,508,57.0,185.9,179.4,6.5,483,57.3,183.1,175.5,7.6,884,56.9,185.3,176.2,9.2,848
"농업, 임업 및 어업 숙련 종사자 (6)","전학력","남","60세 ~",63.0,196.3,194.3,2.0,1088,62.3,197.0,194.6,2.5,701,65.3,216.1,204.8,11.3,259,64.1,192.9,185.9,7.0,462,64.2,197.0,193.2,3.8,340,63.9,199.9,192.1,7.8,580,62.9,186.5,184.0,2.5,932,63.4,175.4,173.0,2.3,1212,64.3,181.6,176.8,4.8,920
"농업, 임업 및 어업 숙련 종사자 (6)","전학력","여","~ 19세",-,-,-,-,-,-,-,-,-,-,18.0,184.0,184.0,0.0,1,,,,,,18.0,216.0,208.0,8.0,4,19.0,155.7,133.1,22.6,7,19.0,168.0,168.0,0.0,5,,,,,,0.0,0.0,0.0,0.0,0
"농업, 임업 및 어업 숙련 종사자 (6)","전학력","여","20 ~ 24",23.0,199.6,195.4,4.2,42,22.9,196.2,188.4,7.8,20,22.4,208.6,187.8,20.8,19,22.8,182.9,175.1,7.8,48,23.0,203.0,191.9,11.1,117,22.2,213.1,163.5,49.6,44,23.1,182.2,172.0,10.2,38,23.3,174.4,169.1,5.3,44,21.9,184.0,177.0,6.9,43
"농업, 임업 및 어업 숙련 종사자 (6)","전학력","여","25 ~ 29",25.6,192.6,192.0,0.6,370,27.0,195.5,180.5,15.0,121,25.4,185.9,185.9,0.0,23,27.6,222.4,194.0,28.4,81,27.4,184.6,180.1,4.5,153,27.2,174.1,166.8,7.3,88,26.6,172.5,149.6,22.9,67,28.7,199.4,199.3,0.0,210,26.6,166.8,163.3,3.4,116
"농업, 임업 및 어업 숙련 종사자 (6)","전학력","여","30 ~ 34",32.9,190.4,190.0,0.4,110,31.4,213.0,184.8,28.2,101,32.2,184.0,178.9,5.1,50,30.8,214.7,207.1,7.6,30,32.6,210.0,202.4,7.6,116,32.4,213.9,169.8,44.1,73,31.6,201.9,185.9,15.9,198,32.1,172.3,171.0,1.3,183,32.3,187.3,166.0,21.3,59
"농업, 임업 및 어업 숙련 종사자 (6)","전학력","여","35 ~ 39",36.6,190.7,188.6,2.1,132,37.3,203.6,190.5,13.1,64,36.7,242.0,240.2,1.8,51,36.8,210.7,190.5,20.2,92,37.6,200.5,195.4,5.0,211,37.9,226.1,180.0,46.0,107,37.4,213.2,175.6,37.6,146,36.7,173.2,170.5,2.7,313,36.8,188.6,184.4,4.2,328
"농업, 임업 및 어업 숙련 종사자 (6)","전학력","여","40 ~ 44",42.9,194.3,187.7,6.6,190,42.4,197.4,193.6,3.7,227,42.1,243.0,235.7,7.3,58,42.9,223.5,203.4,20.1,62,42.0,204.2,190.5,13.7,119,41.7,215.8,183.8,32.0,103,42.5,199.5,173.8,25.7,182,42.4,196.3,191.8,4.5,156,41.6,187.7,178.7,9.1,176
"농업, 임업 및 어업 숙련 종사자 (6)","전학력","여","45 ~ 49",46.2,201.6,198.1,3.5,60,47.6,194.1,189.3,4.8,99,46.5,213.4,208.3,5.1,85,47.3,231.8,211.6,20.2,150,46.6,216.6,201.4,15.2,163,47.2,206.3,182.3,24.0,80,47.0,193.8,176.7,17.1,242,47.1,193.1,180.3,12.8,295,47.1,188.8,174.5,14.4,315
"농업, 임업 및 어업 숙련 종사자 (6)","전학력","여","50 ~ 54",51.1,185.4,180.4,5.0,169,52.1,199.4,196.1,3.3,181,51.9,208.8,199.7,9.1,45,51.8,243.7,216.7,27.1,70,51.9,210.9,199.4,11.5,197,52.4,234.1,193.9,40.1,75,52.2,188.4,176.2,12.2,187,52.3,182.9,173.0,9.9,181,51.9,192.4,181.0,11.4,233
"농업, 임업 및 어업 숙련 종사자 (6)","전학력","여","55 ~ 59",56.3,183.3,177.7,5.6,147,56.2,212.9,201.0,11.9,87,56.9,198.9,193.1,5.9,61,56.3,216.7,198.9,17.7,76,56.9,210.2,205.7,4.4,127,57.4,234.4,196.1,38.2,160,56.7,193.5,185.8,7.7,86,56.6,199.3,179.7,19.6,87,56.8,193.9,186.3,7.7,163
"농업, 임업 및 어업 숙련 종사자 (6)","전학력","여","60세 ~",62.2,192.6,185.6,7.0,177,62.4,203.5,189.9,13.6,100,63.4,195.3,195.3,0.0,42,65.0,199.5,198.4,1.1,44,64.6,205.7,200.0,5.7,58,63.1,218.3,197.1,21.1,96,66.2,141.9,138.7,3.2,104,62.5,189.5,188.8,0.7,61,64.0,190.6,181.5,9.0,120
"기능원 및 관련 기능 종사자 (7)","전학력","남","~ 19세",18.7,226.8,188.5,38.3,3318,18.6,225.5,182.4,43.1,2382,18.6,206.3,181.5,24.8,3795,18.6,212.2,178.7,33.5,2473,18.6,216.2,185.8,30.4,2394,18.5,218.6,181.3,37.3,1900,18.5,175.5,159.7,15.8,1943,18.2,199.2,171.6,27.6,1358,18.5,194.5,176.0,18.5,990
"기능원 및 관련 기능 종사자 (7)","전학력","남","20 ~ 24",22.5,221.0,184.1,36.9,36685,22.5,217.6,184.2,33.4,31788,22.5,218.8,183.7,35.1,37422,22.7,210.7,183.1,27.5,32272,22.7,222.1,191.9,30.2,30898,22.7,222.2,184.0,38.1,28302,22.9,207.7,176.0,31.7,26202,22.9,207.1,176.2,30.9,24706,22.8,207.4,173.2,34.2,24519
"기능원 및 관련 기능 종사자 (7)","전학력","남","25 ~ 29",27.3,217.4,184.1,33.3,105892,27.4,215.8,188.0,27.8,100122,27.3,211.3,184.7,26.6,94558,27.3,211.0,188.3,22.7,81602,27.3,217.2,193.7,23.5,71601,27.1,213.9,184.5,29.3,65931,27.1,206.6,181.0,25.7,87456,27.1,204.4,174.1,30.4,73941,27.2,199.1,172.8,26.3,90710
"기능원 및 관련 기능 종사자 (7)","전학력","남","30 ~ 34",31.9,217.6,184.5,33.0,112065,32.0,215.8,187.3,28.5,113419,31.9,212.8,185.0,27.7,115428,32.0,211.3,186.6,24.7,104182,32.0,220.1,193.8,26.3,104620,32.0,212.6,184.2,28.4,89694,32.1,208.9,183.3,25.6,101557,32.1,204.1,175.4,28.7,89624,32.0,197.3,174.3,23.0,101250
"기능원 및 관련 기능 종사자 (7)","전학력","남","35 ~ 39",37.1,219.3,183.9,35.5,94938,37.0,218.0,185.7,32.3,92486,37.0,214.5,184.3,30.2,89733,36.9,213.5,184.8,28.7,84326,36.9,220.7,192.0,28.7,91175,36.9,213.2,182.5,30.7,83101,36.9,209.6,183.1,26.5,91286,36.9,204.0,176.0,27.9,86025,37.0,197.5,175.2,22.3,99162
"기능원 및 관련 기능 종사자 (7)","전학력","남","40 ~ 44",41.7,218.6,184.6,34.0,77759,41.9,217.6,186.4,31.2,83908,41.8,215.4,181.8,33.6,79168,41.9,213.6,184.3,29.3,79523,42.0,221.3,191.9,29.3,73839,42.1,214.0,183.7,30.3,73055,42.0,207.0,179.7,27.3,67503,42.0,204.9,175.7,29.2,68506,41.9,198.9,173.8,25.1,76465
"기능원 및 관련 기능 종사자 (7)","전학력","남","45 ~ 49",46.9,222.3,185.8,36.5,47389,46.9,218.8,188.3,30.5,52278,46.7,215.9,183.3,32.6,52055,46.7,215.7,185.1,30.6,58214,46.9,219.7,193.1,26.6,57851,46.8,212.9,185.0,27.9,64435,46.8,210.0,182.9,27.1,62810,46.9,203.8,174.6,29.2,63921,46.9,197.6,172.5,25.1,73429
"기능원 및 관련 기능 종사자 (7)","전학력","남","50 ~ 54",51.7,222.0,184.4,37.6,33974,51.9,223.2,191.7,31.5,33073,51.8,220.4,188.9,31.4,30733,51.8,213.4,187.8,25.5,33947,51.8,224.6,200.3,24.3,34464,51.8,216.1,187.8,28.3,32966,51.6,208.4,181.9,26.5,38521,51.9,209.0,175.9,33.0,44549,51.8,197.7,175.1,22.6,44209
"기능원 및 관련 기능 종사자 (7)","전학력","남","55 ~ 59",56.7,220.2,182.1,38.1,17209,56.9,227.0,206.2,20.8,14766,56.8,222.2,196.7,25.5,15748,56.5,219.8,198.0,21.8,17471,56.5,229.1,212.2,16.9,18486,56.6,214.3,197.3,17.0,19096,56.8,212.6,191.7,20.9,20229,56.6,214.5,184.9,29.6,25649,56.6,202.1,179.7,22.5,24925
"기능원 및 관련 기능 종사자 (7)","전학력","남","60세 ~",62.8,213.8,187.4,26.4,8876,63.5,214.4,202.1,12.3,9070,63.2,218.6,205.0,13.6,7836,63.7,223.2,208.4,14.8,9843,63.7,231.5,223.9,7.6,10184,63.5,213.7,201.6,12.1,14317,63.4,207.2,199.3,7.9,9875,63.8,208.5,195.5,12.9,12302,64.1,194.0,182.9,11.1,13362
"기능원 및 관련 기능 종사자 (7)","전학력","여","~ 19세",17.7,222.4,186.3,36.1,3955,17.9,219.4,182.7,36.7,1371,17.3,234.7,186.2,48.5,2548,18.4,202.8,174.6,28.2,579,18.4,242.0,193.3,48.7,516,18.3,226.6,175.1,51.5,483,18.4,164.1,135.8,28.3,449,18.7,204.6,165.0,39.6,1117,18.7,239.8,164.3,75.5,2249
"기능원 및 관련 기능 종사자 (7)","전학력","여","20 ~ 24",22.0,222.9,186.2,36.7,12259,22.2,220.6,183.3,37.3,8240,22.3,224.0,181.9,42.1,11435,22.4,214.5,184.0,30.6,4969,22.3,224.4,193.0,31.4,4931,22.4,209.7,183.0,26.6,4301,22.5,206.9,176.5,30.4,5155,22.4,203.6,168.4,35.2,6784,21.6,216.3,165.5,50.8,11405
"기능원 및 관련 기능 종사자 (7)","전학력","여","25 ~ 29",26.9,208.3,184.9,23.4,12765,26.8,207.1,184.7,22.4,10490,27.0,214.8,184.7,30.2,12154,27.2,207.3,181.3,26.1,6021,26.7,221.8,192.3,29.5,4802,26.8,206.8,183.7,23.1,5616,26.6,205.9,175.8,30.0,4788,26.8,195.9,169.5,26.4,7152,26.7,192.3,164.8,27.4,8324
"기능원 및 관련 기능 종사자 (7)","전학력","여","30 ~ 34",32.2,211.8,189.0,22.8,11101,32.0,209.6,187.4,22.2,10097,32.2,208.5,184.2,24.3,11925,32.3,202.5,181.3,21.2,8993,32.0,214.8,190.4,24.5,8317,32.3,206.1,181.6,24.5,7003,32.1,212.8,184.6,28.2,6366,31.9,198.4,175.1,23.2,5775,32.1,193.8,168.9,24.9,7532
"기능원 및 관련 기능 종사자 (7)","전학력","여","35 ~ 39",37.3,213.6,188.2,25.5,20469,37.3,213.2,186.9,26.3,14549,37.2,211.5,185.3,26.1,19663,37.3,206.0,182.0,24.0,13630,37.1,221.0,191.4,29.7,12957,37.3,213.3,183.6,29.7,12228,37.3,210.2,184.2,26.0,10427,37.3,203.0,177.8,25.2,10753,37.4,197.4,174.0,23.3,12158
"기능원 및 관련 기능 종사자 (7)","전학력","여","40 ~ 44",41.9,214.2,187.5,26.7,31174,42.1,213.3,187.2,26.1,28694,42.0,214.8,185.3,29.5,30131,42.2,208.3,181.9,26.4,24741,42.3,219.9,189.6,30.2,23322,42.1,210.9,183.3,27.6,20142,42.2,212.7,183.6,29.2,14544,42.0,205.1,177.2,27.9,14432,42.1,202.3,173.2,29.0,20333
"기능원 및 관련 기능 종사자 (7)","전학력","여","45 ~ 49",46.9,218.4,187.3,31.1,26867,46.9,219.6,187.9,31.6,25757,46.8,218.6,185.5,33.1,24793,46.9,215.7,184.0,31.6,24556,46.9,220.2,189.0,31.2,22836,47.0,217.4,182.8,34.6,22330,46.8,209.7,180.1,29.6,18868,47.0,202.7,173.0,29.7,16864,47.1,201.7,174.7,27.0,25480
"기능원 및 관련 기능 종사자 (7)","전학력","여","50 ~ 54",51.7,222.2,187.8,34.4,17073,51.7,226.2,189.4,36.8,12983,51.8,224.3,184.7,39.6,15882,51.7,216.9,181.8,35.2,17321,51.8,216.8,187.1,29.7,15226,51.8,219.4,182.8,36.6,12821,51.8,214.6,184.4,30.1,13847,52.0,202.6,172.2,30.5,10138,51.7,202.3,174.3,28.0,17336
"기능원 및 관련 기능 종사자 (7)","전학력","여","55 ~ 59",56.8,218.8,187.8,30.9,7688,56.6,217.7,188.7,29.0,7841,56.7,220.0,188.4,31.6,8105,56.7,217.8,182.0,35.8,9083,56.7,211.8,186.7,25.1,8408,56.5,207.3,180.5,26.8,4584,56.7,214.3,186.8,27.5,4196,56.8,214.5,173.2,41.3,5054,56.7,202.7,178.9,23.8,6830
"기능원 및 관련 기능 종사자 (7)","전학력","여","60세 ~",63.5,203.2,185.6,17.6,3797,63.1,211.9,191.8,20.1,4338,64.1,215.0,195.4,19.6,4479,62.8,214.2,182.5,31.7,5916,62.8,199.0,181.9,17.2,4740,63.8,204.0,193.5,10.5,1995,64.3,207.4,197.0,10.4,1382,63.6,200.3,182.4,17.8,2328,62.9,203.4,187.1,16.3,3540
"장치, 기계조작 및 조립 종사자 (8)","전학력","남","~ 19세",18.6,233.6,182.9,50.7,9291,18.7,227.8,180.7,47.2,8250,18.4,220.6,175.8,44.8,13021,18.5,219.2,175.9,43.4,9389,18.4,217.6,181.2,36.4,7142,18.3,225.2,181.7,43.5,5085,18.6,215.8,171.5,44.2,4262,18.7,230.9,178.8,52.1,3982,18.3,211.3,173.7,37.6,3238
"장치, 기계조작 및 조립 종사자 (8)","전학력","남","20 ~ 24",22.2,236.2,185.0,51.2,77787,22.2,226.2,181.7,44.6,75165,22.1,223.6,177.8,45.8,83155,22.2,223.3,175.9,47.4,84337,22.5,228.2,184.0,44.2,84747,22.5,221.9,179.1,42.8,70186,22.7,221.0,177.5,43.5,67397,22.7,223.3,175.3,48.0,55120,22.7,223.5,173.1,50.3,50858
"장치, 기계조작 및 조립 종사자 (8)","전학력","남","25 ~ 29",27.2,232.5,182.7,49.8,138758,27.2,225.0,181.6,43.4,135607,27.2,219.9,177.6,42.3,141805,27.2,221.1,178.4,42.7,128472,27.1,226.5,184.8,41.7,117138,27.1,221.5,178.9,42.6,115675,27.0,216.2,175.6,40.6,154951,27.1,217.5,174.6,42.9,146713,27.2,216.2,171.6,44.7,174706
"장치, 기계조작 및 조립 종사자 (8)","전학력","남","30 ~ 34",32.0,231.5,180.9,50.6,166706,32.0,225.4,181.0,44.4,182865,32.0,222.6,178.4,44.1,174820,32.1,223.7,180.4,43.3,171609,32.0,228.4,186.6,41.7,160702,32.1,224.2,180.8,43.3,150319,32.1,217.3,176.6,40.7,169868,32.1,214.1,175.3,38.9,160290,32.0,216.6,172.0,44.6,182178
"장치, 기계조작 및 조립 종사자 (8)","전학력","남","35 ~ 39",37.1,232.8,180.5,52.3,166238,37.0,227.1,180.3,46.7,180992,37.0,224.4,177.9,46.5,174231,37.0,225.4,180.3,45.1,162083,37.0,230.3,188.3,42.0,167165,37.0,223.5,182.2,41.3,163179,37.0,218.5,177.8,40.7,178441,36.9,213.9,175.6,38.4,174468,37.0,216.0,172.6,43.4,214877
"장치, 기계조작 및 조립 종사자 (8)","전학력","남","40 ~ 44",41.9,230.3,180.3,50.0,158227,41.8,226.6,181.5,45.1,176191,41.9,227.2,179.5,47.7,177835,42.0,227.1,181.8,45.3,174079,42.1,229.7,188.3,41.4,172582,42.1,222.9,182.2,40.7,163851,42.0,217.2,177.8,39.4,166873,42.0,215.8,178.1,37.7,162634,41.9,214.6,173.3,41.3,185332
"장치, 기계조작 및 조립 종사자 (8)","전학력","남","45 ~ 49",46.8,231.0,180.3,50.7,118850,46.9,229.3,181.9,47.4,131519,46.9,227.9,181.6,46.2,131013,46.9,225.7,181.6,44.1,135582,46.9,227.6,187.5,40.1,135137,46.9,222.5,184.5,38.0,148743,46.8,216.2,179.1,37.2,158243,46.9,215.1,178.3,36.8,160517,46.9,213.6,174.4,39.2,181051
"장치, 기계조작 및 조립 종사자 (8)","전학력","남","50 ~ 54",51.8,231.6,181.2,50.4,75158,51.9,227.5,183.9,43.6,87267,51.8,228.3,182.5,45.8,93701,51.8,225.3,184.0,41.3,96498,51.9,228.3,188.9,39.4,93354,51.7,223.3,186.3,37.0,103332,51.9,217.2,179.7,37.5,109417,51.8,216.4,179.2,37.1,114841,51.9,210.8,175.3,35.5,134817
"장치, 기계조작 및 조립 종사자 (8)","전학력","남","55 ~ 59",56.7,225.2,181.3,43.9,38120,56.7,225.7,186.2,39.5,37982,56.6,226.1,188.2,37.9,41910,56.6,226.8,188.7,38.1,46773,56.6,229.7,195.5,34.2,51723,56.6,219.0,189.6,29.4,53920,56.7,215.1,185.9,29.3,51923,56.6,212.2,182.9,29.3,62447,56.6,207.1,179.3,27.8,70952
"장치, 기계조작 및 조립 종사자 (8)","전학력","남","60세 ~",62.9,217.1,184.7,32.4,16839,63.1,219.3,191.5,27.8,19325,62.6,222.8,193.1,29.8,20676,62.7,219.6,190.8,28.8,25303,63.2,221.2,194.9,26.3,26569,63.3,224.2,198.2,26.1,32670,63.3,208.6,189.7,18.9,25024,63.4,209.4,191.0,18.4,27550,63.6,200.3,186.9,13.4,39237
"장치, 기계조작 및 조립 종사자 (8)","전학력","여","~ 19세",18.5,225.6,180.4,45.3,14217,18.4,212.9,178.3,34.7,14366,18.4,231.1,171.7,59.3,12659,18.2,206.8,166.0,40.8,11376,18.4,222.9,182.8,40.1,8142,18.5,201.7,170.4,31.3,10484,18.6,199.9,160.1,39.8,10482,18.7,206.0,166.6,39.4,6855,18.7,214.9,169.1,45.7,3734
"장치, 기계조작 및 조립 종사자 (8)","전학력","여","20 ~ 24",21.9,226.7,181.3,45.4,44942,21.9,214.5,178.6,35.9,63319,21.9,223.0,171.6,51.5,43148,22.0,217.5,174.0,43.4,42100,22.0,223.9,180.6,43.3,39738,22.2,210.7,171.9,38.8,39557,22.2,199.4,157.5,41.9,45629,22.6,217.1,166.1,51.0,31584,22.2,206.4,166.7,39.7,24131
"장치, 기계조작 및 조립 종사자 (8)","전학력","여","25 ~ 29",26.5,227.9,183.9,44.1,25737,26.6,211.3,179.1,32.2,30918,26.6,215.8,173.6,42.2,24394,26.7,206.8,173.0,33.7,27516,26.7,223.6,180.0,43.7,26640,26.7,207.6,171.9,35.6,31473,26.6,207.9,164.7,43.2,32679,26.5,211.8,165.5,46.3,34122,26.8,197.4,162.9,34.5,27824
"장치, 기계조작 및 조립 종사자 (8)","전학력","여","30 ~ 34",32.2,215.0,182.1,32.9,19523,32.1,215.7,184.5,31.2,20400,32.1,214.7,176.3,38.4,18652,32.1,210.0,178.5,31.5,20950,32.1,219.9,183.6,36.3,21094,32.1,215.8,178.9,36.9,23935,32.0,209.1,174.1,35.0,23972,32.2,202.6,168.6,34.0,20986,32.0,201.7,166.8,34.9,19560
"장치, 기계조작 및 조립 종사자 (8)","전학력","여","35 ~ 39",37.3,219.6,186.5,33.1,32063,37.2,216.4,184.6,31.7,31431,37.2,217.4,176.5,40.9,33551,37.1,214.2,178.2,36.0,33020,37.2,224.9,188.2,36.7,34660,37.1,218.6,180.9,37.7,36046,37.4,214.4,179.6,34.8,36568,37.2,203.8,171.4,32.4,35364,37.3,205.2,169.5,35.7,33349
"장치, 기계조작 및 조립 종사자 (8)","전학력","여","40 ~ 44",42.0,222.9,186.5,36.4,48989,42.0,220.5,186.6,33.9,53648,42.0,216.2,177.1,39.1,53676,42.1,214.3,179.5,34.8,52841,42.2,226.4,188.5,37.9,50895,42.2,223.8,183.6,40.2,46451,42.0,215.7,180.7,35.0,51941,42.0,207.8,171.6,36.2,46931,42.0,207.9,171.1,36.7,44983
"장치, 기계조작 및 조립 종사자 (8)","전학력","여","45 ~ 49",46.7,229.9,187.7,42.2,41436,46.8,224.1,186.2,37.8,48818,46.8,220.6,176.1,44.5,39606,46.8,217.1,179.4,37.7,40970,46.8,228.4,188.3,40.0,42417,46.8,225.6,184.6,40.9,46244,46.8,220.4,180.6,39.8,49947,46.9,209.7,172.7,37.0,49742,47.0,207.7,172.8,34.9,46699
"장치, 기계조작 및 조립 종사자 (8)","전학력","여","50 ~ 54",51.8,233.5,188.6,44.9,25266,51.9,226.0,185.2,40.8,26450,51.8,222.9,176.4,46.6,23340,51.8,224.0,181.2,42.8,25652,51.8,227.6,187.4,40.2,23634,51.7,224.7,184.1,40.6,24953,51.7,217.7,178.7,39.0,26909,51.5,211.4,175.1,36.3,27226,51.7,207.2,172.2,35.1,27392
"장치, 기계조작 및 조립 종사자 (8)","전학력","여","55 ~ 59",56.6,228.2,189.4,38.9,8905,56.8,229.4,187.4,41.9,10594,56.7,223.7,181.1,42.6,6113,56.4,223.7,182.3,41.4,8323,56.5,230.3,190.0,40.3,8299,56.1,226.1,186.3,39.7,7833,56.6,219.5,185.8,33.7,8612,56.6,213.7,180.3,33.4,10946,56.5,208.4,175.3,33.1,10647
"장치, 기계조작 및 조립 종사자 (8)","전학력","여","60세 ~",62.9,225.5,189.7,35.8,3402,62.3,232.1,188.6,43.5,3829,63.0,210.8,185.7,25.2,2154,62.5,209.6,186.5,23.1,3353,62.6,222.1,191.9,30.3,2402,63.3,216.2,183.3,32.9,2298,63.2,194.1,171.6,22.6,1830,63.0,211.6,192.2,19.4,3200,63.7,201.7,179.4,22.3,3822
"단순 노무 종사자 (9)","전학력","남","~ 19세",18.9,213.2,185.1,28.2,1491,18.6,203.0,178.5,24.6,1115,18.7,225.1,182.0,43.1,1815,18.7,215.9,174.1,41.8,2076,18.4,226.4,195.2,31.2,2386,18.5,192.5,169.7,22.9,2385,18.7,180.4,163.3,17.2,959,18.6,166.0,157.2,8.8,637,18.2,180.1,171.3,8.7,2445
"단순 노무 종사자 (9)","전학력","남","20 ~ 24",22.4,213.2,185.3,27.8,11820,22.3,225.7,184.6,41.1,8692,22.1,217.0,185.6,31.3,17122,22.3,216.9,182.3,34.5,18541,22.3,223.2,189.4,33.8,25817,22.6,209.7,183.8,25.9,20791,22.7,216.4,181.7,34.8,14893,22.8,215.5,184.2,31.3,13747,23.0,219.2,194.5,24.8,14582
"단순 노무 종사자 (9)","전학력","남","25 ~ 29",27.1,221.2,186.9,34.3,16284,26.9,217.2,188.5,28.7,13944,27.1,217.6,184.0,33.6,22114,27.0,210.3,180.9,29.4,20395,27.0,233.4,197.2,36.2,27403,26.8,215.9,189.2,26.7,27881,26.9,219.1,182.5,36.6,32745,27.0,212.6,178.9,33.7,25330,27.0,222.5,194.5,28.0,30207
"단순 노무 종사자 (9)","전학력","남","30 ~ 34",31.9,224.9,185.9,39.0,15595,32.0,215.1,189.2,25.9,13313,31.9,223.7,184.9,38.8,24478,32.1,218.4,186.2,32.2,21849,32.0,234.5,199.7,34.8,25169,32.0,217.3,194.1,23.2,29978,31.9,223.1,188.0,35.1,30580,32.0,210.7,179.4,31.3,23446,32.0,218.2,193.1,25.1,25247
"단순 노무 종사자 (9)","전학력","남","35 ~ 39",36.9,227.2,184.0,43.2,15899,37.0,221.8,193.9,27.9,12525,36.9,224.5,187.5,37.0,21838,37.0,213.7,186.6,27.1,19223,37.1,233.3,198.3,34.9,22463,36.9,214.1,193.2,21.0,23479,36.9,220.4,186.6,33.8,24274,36.8,214.1,182.7,31.4,25864,36.9,213.5,191.2,22.3,28211
"단순 노무 종사자 (9)","전학력","남","40 ~ 44",42.0,228.1,180.2,47.8,19766,42.1,229.1,201.1,28.0,17709,42.0,227.3,190.5,36.7,25825,42.0,224.6,194.5,30.1,22716,42.1,229.5,198.2,31.4,24734,42.1,221.8,198.7,23.1,23742,42.1,223.0,189.2,33.8,22745,42.0,207.1,180.8,26.3,22786,41.9,203.3,182.4,20.9,24928
"단순 노무 종사자 (9)","전학력","남","45 ~ 49",47.1,242.8,174.4,68.4,23455,47.0,240.8,218.0,22.8,22703,47.0,235.7,204.4,31.3,27850,47.0,234.0,204.7,29.3,23520,47.2,244.4,213.9,30.6,30327,47.0,227.3,206.3,21.0,29606,47.1,223.5,197.9,25.6,27717,47.2,213.0,187.1,25.9,25418,47.1,209.5,188.8,20.7,25866
"단순 노무 종사자 (9)","전학력","남","50 ~ 54",52.1,261.8,162.3,99.5,33936,52.3,266.8,250.8,16.1,33208,52.2,260.6,239.1,21.4,38890,52.3,257.3,233.8,23.5,34628,52.2,257.4,235.6,21.7,40957,52.1,241.9,226.2,15.7,40299,52.1,234.9,214.5,20.4,31570,52.1,225.3,204.2,21.2,33656,52.1,221.4,203.8,17.6,28585
"단순 노무 종사자 (9)","전학력","남","55 ~ 59",57.2,282.0,150.9,131.2,46120,57.2,298.1,288.9,9.2,48124,57.2,290.4,276.8,13.6,53078,57.1,290.6,275.5,15.1,50737,57.1,287.9,275.5,12.4,56555,57.1,276.1,267.1,9.0,56867,57.2,267.6,254.5,13.1,44890,57.2,259.7,248.9,10.8,44609,57.2,247.3,235.4,12.0,36436
"단순 노무 종사자 (9)","전학력","남","60세 ~",63.5,280.3,153.7,126.6,57423,63.7,296.3,292.2,4.1,65446,63.7,301.7,295.8,5.9,80787,63.8,305.1,297.2,7.9,91819,64.1,301.2,295.8,5.4,103678,64.2,301.6,298.3,3.3,108973,64.5,287.5,283.6,3.9,80654,64.5,283.2,277.6,5.6,79737,64.7,263.5,257.7,5.8,76817
"단순 노무 종사자 (9)","전학력","여","~ 19세",18.5,220.5,182.4,38.1,1247,18.7,202.2,177.2,25.0,1636,18.7,208.8,174.2,34.6,2623,18.6,197.5,164.6,32.9,2018,18.4,213.7,178.3,35.4,1453,18.5,220.9,172.6,48.3,2854,18.8,205.5,159.9,45.6,1524,18.7,253.2,165.8,87.4,1255,18.4,164.9,152.1,12.8,904
"단순 노무 종사자 (9)","전학력","여","20 ~ 24",22.2,206.3,180.0,26.3,7817,22.1,208.7,176.3,32.4,7528,21.8,209.3,176.5,32.8,12456,22.2,220.7,182.1,38.6,8451,22.3,220.9,188.6,32.4,9153,22.1,218.2,183.1,35.1,11085,22.3,213.2,169.5,43.7,7137,22.4,221.4,165.2,56.2,9024,22.1,195.8,181.7,14.1,5322
"단순 노무 종사자 (9)","전학력","여","25 ~ 29",26.4,199.7,181.3,18.4,4046,26.6,202.2,178.8,23.4,4038,26.7,199.9,175.1,24.9,9176,26.8,205.9,174.1,31.8,6644,26.6,218.0,186.8,31.1,6844,26.6,213.1,179.8,33.3,7434,27.2,206.7,168.7,38.0,6247,26.7,204.7,164.9,39.8,8414,27.2,203.4,183.3,20.1,8639
"단순 노무 종사자 (9)","전학력","여","30 ~ 34",32.1,207.3,181.4,25.8,4468,32.2,205.3,183.8,21.4,5989,32.1,200.9,177.9,23.0,8380,32.4,203.2,180.1,23.1,8108,32.3,220.3,188.7,31.7,9347,32.3,208.0,180.5,27.4,10035,32.5,207.3,171.6,35.7,7574,32.1,201.3,171.6,29.7,9252,32.1,201.9,183.2,18.7,8603
"단순 노무 종사자 (9)","전학력","여","35 ~ 39",37.5,197.0,176.1,20.9,12543,37.3,201.4,181.4,20.0,11035,37.2,206.8,179.4,27.4,18374,37.1,205.3,178.5,26.7,15458,37.2,207.5,184.3,23.2,20239,37.3,208.4,182.4,26.0,20272,37.3,202.3,172.6,29.7,18010,37.2,198.7,174.0,24.7,14073,37.4,202.1,179.1,23.0,18930
"단순 노무 종사자 (9)","전학력","여","40 ~ 44",41.9,198.2,178.9,19.3,22480,42.0,207.5,184.3,23.2,22805,42.2,205.4,181.4,23.9,35327,42.2,210.1,184.6,25.5,33876,42.3,216.3,189.9,26.5,40879,42.3,206.4,181.8,24.6,37236,42.2,200.4,175.5,24.9,29660,42.2,195.8,173.5,22.3,25666,42.0,202.5,180.0,22.5,30553
"단순 노무 종사자 (9)","전학력","여","45 ~ 49",47.1,203.2,182.2,21.0,23317,47.0,208.0,184.4,23.6,25182,47.0,208.8,183.4,25.4,39208,47.0,212.9,186.4,26.5,39446,47.1,218.0,194.7,23.3,46819,46.9,204.8,181.8,23.0,41688,46.9,196.0,173.7,22.3,35986,47.0,194.5,173.0,21.5,32605,47.1,201.6,180.8,20.7,41874
"단순 노무 종사자 (9)","전학력","여","50 ~ 54",51.9,204.7,186.6,18.1,24154,52.1,207.7,185.9,21.7,24442,52.0,204.2,183.6,20.7,35015,52.1,207.7,187.1,20.6,35273,52.0,215.6,195.9,19.6,41576,52.0,201.5,182.9,18.6,38371,51.9,198.4,179.2,19.2,34786,51.9,189.5,171.6,17.9,28140,52.0,195.6,180.6,15.0,40545
"단순 노무 종사자 (9)","전학력","여","55 ~ 59",57.0,200.6,187.0,13.6,19311,57.1,203.8,187.3,16.4,17380,56.9,200.0,186.6,13.4,27945,56.9,199.6,184.9,14.7,28035,56.9,210.6,199.3,11.3,32458,56.8,193.4,182.4,11.0,31000,57.0,188.1,177.2,10.9,29915,56.8,186.2,173.9,12.3,21272,56.8,189.5,178.2,11.3,27784
"단순 노무 종사자 (9)","전학력","여","60세 ~",62.8,197.9,190.1,7.8,13520,62.9,198.3,188.5,9.8,13896,63.0,191.1,185.2,5.9,19991,63.2,188.5,182.1,6.4,22852,63.3,197.6,191.2,6.4,30195,63.4,184.4,180.1,4.4,32533,63.8,177.5,172.4,5.0,23870,63.8,170.9,167.1,3.7,24659,64.1,176.6,171.6,5.0,27068
